,artist_name,artist_id,danceability,energy,valence,tempo,loudness,mode,key,acousticness,instrumentalness,liveness,speechiness,duration_ms,popularity,count,genre
4,Bob Dylan,66915,0.512597985,0.477932051,0.5519337,126.1601493,-11.18432967,1,7,0.562566789,0.03421143,0.308977656,0.06453489,256713.4203,30.86080586,1092,Pop/Rock
5,The Rolling Stones,894465,0.5244463770000001,0.719914976,0.655331787,123.7647169,-7.830264734,1,0,0.293788178,0.17613705699999999,0.268443382,0.051439902999999995,229705.9623,34.57391304,1035,Pop/Rock
6,The Beach Boys,41874,0.5029446679999999,0.532130785,0.6339565389999999,125.9920362,-9.925742455,1,9,0.398488245,0.11536290699999999,0.191189235,0.04397062400000001,148845.0946,27.95774648,994,Pop/Rock
15,The Beatles,754032,0.5219754560000001,0.546826974,0.619659538,121.07474609999998,-9.682696233,1,0,0.36035593200000005,0.051906132,0.223001337,0.053395017999999995,174307.87,48.06075334,823,Pop/Rock
16,Fleetwood Mac,182900,0.577665829,0.517276131,0.607894221,123.283103,-11.97356533,1,9,0.359766385,0.130338418,0.243842211,0.041397738999999996,240890.6935,34.87437186,796,Pop/Rock
17,Led Zeppelin,139026,0.42156213,0.688843195,0.5059875739999999,118.88716570000001,-10.20231657,1,2,0.223537225,0.15842087900000001,0.22633284,0.062070414000000004,327086.2959,41.41715976,676,Pop/Rock
20,Elton John,796734,0.523767606,0.586008451,0.53085,128.0431092,-9.655693662000001,1,0,0.35095861700000003,0.011542423999999999,0.222402641,0.04238081,278983.8732,38.0915493,568,Pop/Rock
24,The Who,577627,0.472034749,0.723826255,0.503839768,127.2440116,-8.821011582999999,1,2,0.223891963,0.069391678,0.252487645,0.062551158,239976.7066,29.76833977,518,Pop/Rock
26,Grateful Dead,988440,0.5586510720000001,0.51783115,0.629833918,120.6570078,-12.06088889,1,9,0.43785781700000004,0.134282647,0.327447953,0.045292007999999995,337784.3119,32.39961014,513,Pop/Rock
33,David Bowie,531986,0.497813004,0.595268161,0.547633632,122.769713,-11.26176906,1,0,0.254577359,0.076402439,0.208974888,0.059765695,242765.4619,41.72869955,446,Pop/Rock
35,The Kinks,100160,0.547176471,0.7079601809999999,0.675529864,122.030543,-8.109782805,1,7,0.29628701399999996,0.022411032999999997,0.183461538,0.055244344,186075.7285,29.97737557,442,Pop/Rock
42,Pink Floyd,346336,0.38325797100000003,0.415595169,0.257658454,116.3254058,-15.17795169,1,7,0.38833553,0.299680868,0.35327681200000005,0.059262802,313983.4928,45.28985507,414,Pop/Rock
45,Billy Joel,85915,0.5409847720000001,0.614515736,0.548052284,122.1437081,-9.268149746,1,0,0.366408325,0.02118912,0.258006599,0.058816497,260732.5457,40.14213198,394,Pop/Rock
46,Eric Clapton,187478,0.570606218,0.562859067,0.65373057,115.87039640000002,-11.202445599999999,1,7,0.35756916,0.15113145,0.344960881,0.052336269000000005,271236.5907,36.01036269,386,Pop/Rock
53,Jimmy Buffett,350840,0.636127321,0.462122016,0.667419098,122.4274191,-13.3606313,1,7,0.371228806,0.009146047,0.186968435,0.043740318,226808.9204,34.440318299999994,377,Pop/Rock
57,Genesis,199995,0.43217575799999997,0.564746667,0.37555697,118.4097697,-11.26315758,1,7,0.254499173,0.105257869,0.25935697,0.046919999999999996,339852.89700000006,30.45454545,330,Pop/Rock
62,The Moody Blues,404434,0.366956113,0.489456426,0.40670219399999996,114.1238527,-11.35815674,1,9,0.408954276,0.19588762399999998,0.252684639,0.044727586,245753.6395,26.84952978,319,Pop/Rock
66,Nirvana,355142,0.43144871799999995,0.7638910259999999,0.43876346200000005,134.35212819999998,-8.324307692,1,1,0.107785083,0.107125463,0.179405769,0.061502564,213553.2564,46.11538462,312,Pop/Rock
69,John Prine,814751,0.5543268610000001,0.355010615,0.623508091,127.28475729999998,-15.7017055,1,7,0.558669903,0.004478615,0.216712945,0.039378964,208662.9935,35.54368932,309,Pop/Rock
71,James Taylor,204386,0.6054935060000001,0.340864286,0.509705195,111.0115909,-14.25425974,1,0,0.548295455,0.014883075,0.20443961,0.039788312,213511.9773,35.33116883,308,Pop/Rock
74,Rush,203008,0.44739344299999995,0.7804380329999999,0.47222163899999997,130.5766951,-9.191606557,1,2,0.091619336,0.097679931,0.33487606600000003,0.052228852,353015.1246,35.96721311,305,Pop/Rock
80,Neil Young,379125,0.511676871,0.39708877600000003,0.49464149700000004,126.16768710000001,-12.94232653,1,7,0.460808884,0.046175556,0.256286054,0.037686054,254191.5612,38.60544218,294,Pop/Rock
89,Bee Gees,43714,0.5585650560000001,0.510841636,0.597417844,107.1190781,-11.20418959,1,7,0.24767380100000003,0.046172442,0.245669145,0.039677695,228251.3048,42.55390335,269,Pop/Rock
100,The Byrds,631774,0.469870229,0.57978626,0.6622793889999999,120.5693893,-10.16083206,1,2,0.33432828800000003,0.059134075,0.23938167899999999,0.037782443,167257.4122,27.98473282,262,Pop/Rock
104,The Allman Brothers Band,745964,0.43388095200000004,0.622920635,0.619611111,121.49615870000001,-11.12080952,1,2,0.331065,0.284138331,0.40630873,0.044062698,410198.1429,31.42857143,252,Pop/Rock
106,John Denver,811622,0.454088,0.3067312,0.501316,114.8428,-13.390004000000001,1,7,0.6837224000000001,0.00754684,0.23996839999999997,0.05350800000000001,209270.52,35.256,250,Pop/Rock
108,Santana,295756,0.497556911,0.64892439,0.616768293,125.79533740000001,-11.71621951,1,7,0.26957142300000003,0.390385584,0.228116667,0.056142683,284211.4756,37.56097561,246,Pop/Rock
109,The Doors,114342,0.515804082,0.50487102,0.573706939,123.7465592,-12.87914286,1,9,0.387784653,0.072855605,0.26172653100000004,0.089659592,218486.0531,43.51428571,245,Pop/Rock
112,Judas Priest,246611,0.379957851,0.832305785,0.349302479,129.3976281,-5.9817355370000005,1,9,0.035163908,0.048618117,0.315429752,0.080131405,262952.3967,36.91735537,242,Pop/Rock
116,Creedence Clearwater Revival,131627,0.590091286,0.6591867220000001,0.7194273859999999,125.99878840000001,-9.559593361000001,1,2,0.123862098,0.130654605,0.247217427,0.045328216,217635.7137,45.26556017,241,Pop/Rock
125,Chicago,110161,0.513408696,0.644233913,0.494073043,123.3195217,-8.142921739,1,0,0.255722709,0.118550492,0.184444348,0.052094783,257483.9565,35.57391304,230,Pop/Rock
126,Joni Mitchell,270491,0.5300869570000001,0.281313043,0.44044087,112.3445217,-13.55567826,1,2,0.7966939129999999,0.011046536000000001,0.22292521699999998,0.042878260999999994,244066.1826,36.51304348,230,Pop/Rock
127,Bob Seger,72041,0.521458515,0.7798646290000001,0.518900437,127.96620959999998,-5.713349345,1,9,0.165067231,0.026074295,0.36033973799999997,0.067414847,261668.048,38.04366812,229,Pop/Rock
136,Black Sabbath,771438,0.347427273,0.625708182,0.414307273,128.2412182,-11.72609091,1,9,0.13717733199999999,0.152759764,0.19583909100000002,0.051712727,319529.9545,35.67272727,220,Pop/Rock
139,Linda Ronstadt,686897,0.477657534,0.308821461,0.45413242,119.9540548,-13.23652968,1,0,0.550909836,0.008865686,0.162990868,0.035678082,196678.8356,32.51141553,219,Pop/Rock
140,Yes,685647,0.40923853200000004,0.625788991,0.470899083,116.8221193,-9.560899082999999,1,9,0.22802559600000002,0.148798197,0.24558715600000003,0.053649540999999995,411209.2936,33.33027523,218,Pop/Rock
147,Jimi Hendrix,354105,0.424588785,0.7164607479999999,0.53921028,120.28709350000001,-8.709448598,1,8,0.211139309,0.173331242,0.26632616800000003,0.09865981300000001,247888.3645,42.34579439,214,Pop/Rock
153,The Band,38490,0.550151659,0.6242701420000001,0.632281517,119.28226070000001,-9.367265403,1,0,0.38096019,0.040830955,0.284981991,0.063416588,247693.8341,32.26066351,211,Pop/Rock
167,The Monkees,478603,0.52409901,0.62439604,0.681920792,119.00593070000001,-8.866534652999999,1,9,0.386422772,0.028989162000000002,0.22398415800000002,0.052805940999999995,157683.6436,27.00990099,202,Pop/Rock
177,Donovan,799053,0.543933333,0.369894359,0.5402441029999999,116.28062050000001,-13.75712821,1,0,0.526343487,0.116383864,0.16023384599999999,0.05010615400000001,186215.1385,27.62051282,195,Pop/Rock
179,Lynyrd Skynyrd,170369,0.48242268,0.666371134,0.650270103,126.63347420000001,-9.825051546000001,1,7,0.22051200399999998,0.035727221,0.343887629,0.048177835,317731.36600000004,40.59278351,194,Pop/Rock
195,The Animals,751019,0.50751087,0.668782609,0.666641304,123.5558152,-6.950315217000001,1,5,0.334252283,0.064208093,0.211444565,0.043115217000000004,198067.2609,26.48913043,184,Pop/Rock
196,REO Speedwagon,327735,0.46146153799999995,0.7801868129999999,0.643186813,126.3335165,-8.444010989,1,0,0.081400426,0.045466257999999996,0.257320879,0.040826374,254946.9451,33.79120879,182,Pop/Rock
199,Little Feat,313284,0.522370166,0.59078453,0.673464088,124.46611599999999,-11.15681215,1,7,0.27371723800000003,0.071700983,0.402034254,0.060607182,248530.6133,31.40883978,181,Pop/Rock
200,Ozzy Osbourne,424244,0.38639779,0.834616575,0.392630939,124.671453,-6.221127072000001,1,1,0.07006746400000001,0.017281203999999998,0.317661878,0.066327072,294386.8453,43.13812155,181,Pop/Rock
202,Jethro Tull,850692,0.475422222,0.5125333329999999,0.645966667,126.0265889,-11.74977778,1,5,0.286654778,0.072309898,0.19563888899999998,0.065827778,294493.4,33.18888889,180,Pop/Rock
203,Rod Stewart,293896,0.538592179,0.583106145,0.5390692739999999,123.3324078,-11.02353631,1,2,0.366305531,0.059761882999999995,0.166667598,0.041012291,277578.095,43.45251397,179,Pop/Rock
210,The Velvet Underground,840402,0.48407909600000004,0.503375141,0.554967232,115.8864294,-11.81798305,1,2,0.34072033700000004,0.16738794,0.193360452,0.042713559000000005,264561.5989,35.92090395,177,Pop/Rock
213,Mina,492521,0.456942529,0.42280344799999997,0.623243678,112.9673218,-11.23762069,1,0,0.686893103,0.010164499,0.204286207,0.042097700999999994,159843.4598,6.586206897,174,Pop/Rock
214,Carpenters,51909,0.409244186,0.297027907,0.364406977,114.9146047,-14.03656977,1,9,0.653498837,0.00445174,0.141519767,0.039698837,210603.6047,39.44186047,172,Easy Listening
230,Bread,610706,0.49521951200000003,0.408836585,0.5255609760000001,122.30680490000002,-13.59512195,1,7,0.510562195,0.015232997,0.148123171,0.035369512,187115.3902,38.08536585,164,Pop/Rock
232,Alice Cooper,5953,0.44923456799999995,0.644407407,0.48776543200000005,124.3140988,-11.34319753,1,9,0.182092593,0.055709735999999996,0.275134568,0.059750617,244931.8519,35.77777778,162,Pop/Rock
241,Scorpions,299471,0.40048717899999997,0.689666667,0.43899871799999995,120.5922564,-10.00946154,0,9,0.075591273,0.16166660000000002,0.28709743600000004,0.054664103,270657.3333,37.84615385,156,Pop/Rock
273,Deep Purple,192382,0.45467123299999995,0.66569863,0.553813699,124.4106027,-10.46408219,1,9,0.084764933,0.180022853,0.184389041,0.047750685,323164.9315,31.63013699,146,Pop/Rock
274,The Mothers of Invention,405522,0.455739726,0.554493151,0.5850164379999999,120.30619180000001,-12.04026027,1,9,0.337188019,0.049926547,0.314760274,0.084950685,193700.4384,23.76712329,146,Pop/Rock
276,Jefferson Airplane,840102,0.444945205,0.5455205479999999,0.518932877,122.78806850000001,-11.37532877,1,2,0.34062602700000005,0.062413739,0.217475342,0.041982192,229462.1233,31.43835616,146,Pop/Rock
282,Jackson Browne,130689,0.541964789,0.512359155,0.465704225,122.28756340000001,-10.0828662,1,7,0.381380282,0.017673546000000002,0.21034647899999998,0.037127465,275010.2746,39.5915493,142,Pop/Rock
295,Steve Miller Band,36106,0.48642029,0.48707142,0.605291304,110.67684059999999,-13.6843913,1,9,0.367675246,0.134781111,0.261062319,0.053492754,216498.2319,38.47826087,138,Pop/Rock
296,Jerry Garcia,328288,0.5982318839999999,0.50700029,0.614202899,111.91684779999999,-11.69172464,1,0,0.423578551,0.121856991,0.25401376800000003,0.045371014,335233.9275,29.43478261,138,Pop/Rock
299,Three Dog Night,925450,0.488956522,0.556710145,0.6346666670000001,112.0678696,-12.74843478,1,7,0.305621029,0.033732416,0.20132029,0.042221739,212210.4058,30.55072464,138,Pop/Rock
303,The Mamas & the Papas,59293,0.538485294,0.493501471,0.617617647,111.4329412,-11.37513235,1,1,0.596777059,0.025681363,0.18132352899999998,0.041491176,178925.3676,35.14705882,136,Pop/Rock
310,Blue Ã–yster Cult,61938,0.457208955,0.7652537309999999,0.579925373,128.4184776,-8.411358209,1,9,0.116051343,0.0437616,0.253391045,0.046652239000000005,261538.6119,35.47761194,134,Pop/Rock
315,Janis Joplin,177060,0.465969697,0.5215303029999999,0.531575758,125.49175759999999,-11.28751515,1,0,0.315120909,0.063005184,0.30415606100000003,0.104445455,255327.5152,37.84848485,132,Pop/Rock
344,Bonnie Raitt,96613,0.592653226,0.446872581,0.560677419,115.99696770000001,-11.76908871,1,5,0.506362903,0.014281185,0.163033871,0.040816129,233322.8548,33.48387097,124,Pop/Rock
370,Todd Rundgren,936425,0.478756303,0.566756303,0.590504202,121.1008824,-10.60028571,1,5,0.31141721,0.065573058,0.24540336100000001,0.053906723,206724.3613,30.17647059,119,Pop/Rock
371,Joe Cocker,149515,0.48325423700000003,0.560679661,0.5586474579999999,116.91808470000001,-10.42349153,1,5,0.43797084700000005,0.020571264,0.360515254,0.050971185999999995,264404.3983,36.94067797,118,Pop/Rock
385,"Crosby, Stills & Nash",131581,0.548561404,0.32474912300000003,0.454561404,118.74498249999999,-15.55135088,1,9,0.541607018,0.004443622,0.165675439,0.048475439,229983.5263,36.54385965,114,Pop/Rock
398,Dan Fogelberg,166785,0.482196429,0.343414286,0.435557143,120.8675625,-15.74775,1,0,0.5601758929999999,0.030425169,0.1423625,0.030708036,266712.7321,30.70535714,112,Pop/Rock
406,Stevie Nicks,936190,0.566369369,0.650198198,0.517234234,120.4457928,-9.166540541,1,9,0.209684865,0.008803347,0.285661261,0.036727027,269707.1802,40.41441441,111,Pop/Rock
419,"Crosby, Stills, Nash & Young",130036,0.479055556,0.400838889,0.48266666700000005,129.0835741,-14.02657407,1,7,0.512882222,0.017500988999999998,0.425975926,0.067798148,260686.1852,40.77777778,108,Pop/Rock
431,Jim Croce,848034,0.612132075,0.469569811,0.759773585,127.1396226,-13.47318868,1,4,0.63510566,0.002194696,0.160430189,0.069067925,177937.2642,38.58490566,106,Pop/Rock
440,Crazy Horse,130932,0.449557692,0.559425,0.46967307700000005,120.5073846,-11.06559615,1,7,0.29851673100000004,0.030710402999999997,0.39706730799999995,0.038194231,303968.8269,37.80769231,104,Pop/Rock
445,Buffalo Springfield,939567,0.529865385,0.43337307700000005,0.6028076920000001,119.09811540000001,-13.59665385,1,9,0.48855,0.091612717,0.17776923100000003,0.047317307999999995,186123.2692,32.38461538,104,Pop/Rock
449,Randy Newman,394806,0.486640777,0.271790291,0.373634951,116.6497087,-14.85181553,1,2,0.714669903,0.139238669,0.143180583,0.034456311,170522.6699,33.45631068,103,Pop/Rock
455,Love,314600,0.542215686,0.560605882,0.584015686,119.24137250000001,-11.66760784,1,9,0.305582941,0.047125,0.129447059,0.047482353,193175.7843,30.74509804,102,Pop/Rock
483,The Guess Who,61480,0.50575,0.594916667,0.631166667,116.70583329999998,-10.63685417,1,9,0.345,0.013604881999999999,0.259077083,0.040170832999999996,240544.1667,33.60416667,96,Pop/Rock
490,Canned Heat,946137,0.587958333,0.44202083299999995,0.6681875,121.53658329999999,-13.464375,1,9,0.471724625,0.086328302,0.16303958300000002,0.080585417,231585.8125,32.33333333,96,Pop/Rock
508,Stephen Stills,21744,0.509021739,0.590086957,0.519543478,120.7688261,-11.10997826,1,9,0.23792828300000002,0.057963380999999994,0.19982391300000002,0.051256522,234059.9348,30.56521739,92,Pop/Rock
509,Cher,107090,0.535576087,0.579152174,0.538652174,135.2709239,-11.0061413,1,0,0.31218108699999997,0.00020479099999999998,0.200163043,0.04061087,211456.4783,40.06521739,92,Pop/Rock
516,T. Rex,5882,0.4868,0.645177778,0.625531111,124.12700000000001,-9.779422222,1,9,0.202630578,0.039433535,0.22991999999999999,0.116082222,219589.4,31.62222222,90,Pop/Rock
518,Traffic,12472,0.457,0.568555556,0.622244444,121.92657779999999,-12.19224444,1,2,0.28593486,0.059683383,0.212395556,0.052564444,303499.8889,30.44444444,90,Pop/Rock
528,Warren Zevon,816900,0.611266667,0.540955556,0.655044444,111.87053329999999,-10.97077778,1,9,0.330962222,0.030002137,0.123237778,0.036753333,202314.0667,34.75555556,90,Pop/Rock
541,Joe Walsh,808214,0.538545455,0.43263431799999996,0.48612727299999997,111.65097730000001,-14.50986364,1,9,0.218796364,0.16228593800000002,0.18785227300000001,0.042154545,264085.7727,33.18181818,88,Pop/Rock
552,Lesley Gore,208582,0.517604651,0.422627907,0.649,119.0688605,-11.10044186,1,7,0.668706977,0.001187905,0.31075814,0.037709302,140491.4651,27.65116279,86,Pop/Rock
569,The Hollies,87985,0.53897619,0.6580714289999999,0.657928571,126.59128570000001,-8.802952381,1,9,0.284859524,0.00058459,0.21692857100000001,0.048302381,196733.8333,33.95238095,84,Pop/Rock
570,Boz Scaggs,96964,0.561404762,0.5575,0.559311905,121.2715476,-9.66452381,1,7,0.308785714,0.024666182999999998,0.217971429,0.038092857,271625.6429,36.85714286,84,Pop/Rock
572,The Yardbirds,489303,0.480547619,0.638416667,0.647690476,123.36708329999999,-10.635988099999999,1,0,0.21387657100000002,0.16936420800000002,0.18168095199999998,0.057213095,170852.75,27.4047619,84,Pop/Rock
578,Nico,868306,0.422857143,0.403978571,0.385411905,116.2023095,-13.57192857,1,7,0.497807714,0.268924226,0.104697619,0.046447619,254962.7857,34.904761900000004,84,Pop/Rock
602,Steppenwolf,22928,0.4956375,0.59435,0.6514875,124.099825,-13.2892375,1,9,0.22964600000000002,0.12992839,0.238975,0.045965,244767.85,30.2875,80,Pop/Rock
609,UFO,809999,0.396575,0.7605,0.43311750000000004,131.384875,-7.045775,1,9,0.049249345,0.067063865,0.374835,0.06318,276421.0,32.4,80,Pop/Rock
618,FranÃ§oise Hardy,186594,0.507230769,0.423358974,0.625769231,114.3300256,-10.45115385,1,7,0.679538462,0.020698047,0.148728205,0.035558974,158109.8205,34.30769231,78,Pop/Rock
623,The Stooges,562304,0.385820513,0.764435897,0.45023333299999996,122.5384103,-7.0610256410000005,1,2,0.010889066999999999,0.20448619199999998,0.22744102600000002,0.063141026,266561.8205,35.33333333,78,Pop/Rock
639,Cream,112462,0.436184211,0.560394737,0.572026316,124.18755259999999,-13.13510526,1,7,0.26730228899999997,0.115986232,0.287992105,0.044347368,276187.1053,38.97368421,76,Pop/Rock
642,Jeff Beck,240865,0.479618421,0.645605263,0.597828947,116.2567368,-10.04055263,1,0,0.24712657899999999,0.388926995,0.155757895,0.061339474000000005,273635.8158,30.78947368,76,Pop/Rock
644,Peter Frampton,320845,0.519947368,0.7105,0.496855263,110.4290132,-7.1862368420000005,1,2,0.170804132,0.057201432,0.578989474,0.037068421000000004,321065.3553,33.94736842,76,Pop/Rock
681,James Gang,85776,0.505777778,0.618166667,0.559583333,112.3039722,-11.07202778,1,2,0.186625194,0.32627339,0.186486111,0.048388889000000004,271976.5278,27.80555556,72,Pop/Rock
707,King Crimson,76057,0.330857143,0.30303142899999996,0.258934286,115.2218857,-18.44631429,0,4,0.3425954,0.2821047,0.171651429,0.045791429,451034.4,35.68571429,70,Pop/Rock
709,Sammy Hagar,297702,0.495114286,0.669828571,0.616457143,134.7152571,-10.8908,1,9,0.047711857,0.0068087009999999995,0.19370857100000002,0.045174285999999994,255030.0857,32.57142857,70,Pop/Rock
753,Don McLean,179205,0.460151515,0.288821212,0.433848485,109.1791818,-15.292,1,7,0.719242424,0.027434199,0.212127273,0.0373,240635.2727,40.18181818,66,Pop/Rock
763,Can,645612,0.549969697,0.660212121,0.489884848,122.99700000000001,-11.19121212,1,2,0.167009485,0.42477303,0.183127273,0.050487879000000006,482236.8788,26.48484848,66,Pop/Rock
765,The Association,753963,0.524151515,0.48730303,0.624545455,120.011697,-11.45242424,1,5,0.47573636399999997,0.018070855,0.173151515,0.035206061000000004,172750.6364,27.0,66,Pop/Rock
790,Nick Drake,336783,0.5320625,0.226071875,0.450221875,118.8142188,-17.9283125,1,8,0.71074375,0.460869369,0.1217125,0.043525,210802.125,48.15625,64,Pop/Rock
818,Tom Jones,609396,0.422311475,0.518360656,0.546295082,114.73742620000002,-10.94144262,1,4,0.47542950799999995,0.00059044,0.24625901600000003,0.062881967,189803.918,41.96721311,61,Pop/Rock
826,Steve Winwood,45313,0.6467166670000001,0.632216667,0.737666667,122.31063329999999,-10.60983333,1,2,0.28629,0.05875069,0.224406667,0.037145,313826.6167,40.05,60,Pop/Rock
827,Faces,58372,0.523166667,0.6737,0.6685,122.97023329999999,-8.5848,1,2,0.361943333,0.10780847800000001,0.171583333,0.051696667,241542.6667,35.73333333,60,Pop/Rock
829,Robert Palmer,93632,0.672133333,0.552583333,0.8602,110.7374,-13.66436667,1,2,0.276408667,0.083810492,0.12095999999999998,0.049481667,259884.6667,38.68333333,60,Pop/Rock
832,Ry Cooder,175708,0.588483333,0.351150333,0.60745,119.60933329999999,-16.3447,1,4,0.4841,0.124868305,0.15607000000000001,0.067031667,256291.25,37.26666667,60,Pop/Rock
838,The Righteous Brothers,424296,0.38036666700000005,0.3415,0.46793333299999995,105.76996670000001,-14.81013333,1,7,0.588966667,0.011925098,0.215536667,0.037303333,172964.8333,30.63333333,60,Pop/Rock
839,Tommy James & the Shondells,520975,0.5535,0.5324,0.713066667,119.7797,-11.24326667,1,11,0.293273333,0.014465872,0.19573,0.058076667,189436.1333,34.33333333,60,Pop/Rock
842,Herman's Hermits,575051,0.590333333,0.603633333,0.7876,123.9015,-8.080066667,1,0,0.37502333299999996,0.024005558,0.21684,0.038746667,148462.5667,26.63333333,60,Pop/Rock
843,The Zombies,582313,0.488066667,0.602766667,0.5924,121.82983329999999,-6.947666667000001,1,9,0.53719,0.074487947,0.18695,0.038416667,162989.3667,40.83333333,60,Pop/Rock
846,Keith Emerson,765900,0.39036666700000006,0.496433333,0.500796667,131.50366670000003,-13.30496667,1,7,0.214010667,0.224067094,0.228736667,0.048663332999999996,341505.4333,34.0,60,Pop/Rock
857,Robin Trower,831381,0.475220339,0.590677966,0.5223389829999999,114.08225420000001,-10.83786441,0,4,0.14916759300000001,0.074574692,0.158671186,0.050837288,268950.9492,28.54237288,59,Pop/Rock
865,The Flying Burrito Brothers,194703,0.479862069,0.525862069,0.656689655,115.51224140000001,-12.49296552,1,2,0.229768483,0.15175124,0.183075862,0.032562069,207191.6897,31.413793100000003,58,Pop/Rock
874,The Turtles,564239,0.476689655,0.54862069,0.642862069,127.6364483,-10.56424138,1,7,0.387531034,0.037843476,0.16781379300000002,0.039872414,148598.5172,29.79310345,58,Pop/Rock
879,Jay & the Americans,809058,0.5288965520000001,0.5354137929999999,0.6611724139999999,117.4759655,-10.67558621,1,0,0.591089655,0.00266083,0.29864482800000003,0.041151724,161302.93099999998,24.27586207,58,Pop/Rock
894,"Blood, Sweat & Tears",46925,0.439821429,0.488785714,0.494596429,100.0807857,-10.83,1,7,0.447775,0.125460867,0.313792857,0.061182143,255639.0714,29.85714286,56,Pop/Rock
906,The Pretty Things,489676,0.44403571399999997,0.620464286,0.573214286,120.40528570000001,-11.18567857,1,2,0.281719964,0.094788963,0.263842857,0.050632143,187668.9643,26.5,56,Pop/Rock
934,Johnny Rivers,203639,0.501148148,0.496888889,0.701,116.27837040000001,-12.61437037,1,0,0.47400370399999997,0.0028622870000000003,0.390674074,0.044281481,204789.7778,33.0,54,Pop/Rock
940,Grand Funk Railroad,659517,0.473703704,0.786333333,0.556185185,123.15485190000001,-6.575962962999999,1,7,0.127187481,0.081861644,0.19987407399999998,0.078007407,330393.1852,34.88888889,54,Pop/Rock
953,Olivia Newton-John,473554,0.6196226420000001,0.479660377,0.519320755,122.2824906,-11.60630189,1,2,0.313526415,0.002313777,0.164539623,0.044230189,221173.5472,40.77358491,53,Pop/Rock
960,Sonny & Cher,42993,0.568423077,0.617346154,0.596384615,119.50634620000001,-8.782,1,6,0.319461538,0.00054096,0.131623077,0.035019231,181721.0385,31.19230769,52,Pop/Rock
961,Badfinger,64303,0.534269231,0.539115385,0.502884615,108.9038462,-9.200192308,1,0,0.239687923,0.0015517,0.159546154,0.032680769,205255.9231,33.61538462,52,Pop/Rock
980,Iggy Pop,926548,0.4565,0.751730769,0.547884615,126.6920769,-7.647769231,1,0,0.12293076900000001,0.14368297800000002,0.225223077,0.046115385,267430.1154,41.65384615,52,Pop/Rock
1004,Free,193216,0.5655600000000001,0.487188,0.6348,118.68583999999998,-11.92924,1,9,0.251208,0.05815845099999999,0.14052,0.068872,259515.88,36.08,50,Pop/Rock
1006,John Cale,224638,0.52512,0.46408,0.535716,105.39568,-13.017439999999999,1,9,0.509736,0.11521678699999999,0.16674,0.038208,238527.8,34.52,50,Pop/Rock
1009,Rick Springfield,359613,0.62168,0.7245199999999999,0.7038,132.47711999999999,-8.53336,1,2,0.177834,7.37e-05,0.171824,0.056912,210432.32,32.16,50,Pop/Rock
1066,Dave Mason,962339,0.53,0.5854583329999999,0.650083333,121.81158329999998,-11.34066667,1,2,0.289445833,0.004584952,0.2480375,0.037225,255073.625,28.04166667,48,Pop/Rock
1081,Ten Years After,20050,0.441,0.592565217,0.567217391,126.07304350000001,-10.02904348,1,9,0.16310860900000002,0.202185487,0.221530435,0.053226087000000005,291603.4783,32.08695652,46,Pop/Rock
1087,Nazareth,377891,0.509304348,0.697086957,0.594956522,130.0660435,-9.465956522,1,7,0.069255304,0.13641467699999998,0.22323478300000002,0.05093913,261723.6522,33.782608700000004,46,Pop/Rock
1092,Pete Townshend,842351,0.562195652,0.636456522,0.519391304,124.84565220000002,-10.84658696,1,7,0.33800173899999997,0.092575224,0.146658696,0.047752174,267166.3261,29.97826087,46,Pop/Rock
1112,New Riders of the Purple Sage,398259,0.550727273,0.564681818,0.7113181820000001,118.01559089999999,-12.21027273,1,9,0.137902727,0.00036227,0.258568182,0.039431818,225041.2273,26.18181818,44,Pop/Rock
1114,Al Kooper,509524,0.45547727299999996,0.530068182,0.599831818,115.1557045,-10.52086364,1,0,0.285111386,0.274865746,0.253806818,0.041259091,345550.5682,30.65909091,44,Pop/Rock
1124,Robert Plant,830538,0.524954545,0.709568182,0.42902272700000005,133.13504550000002,-7.377522727000001,1,7,0.170878455,0.054098272999999995,0.23494090899999998,0.046690909,304623.3182,36.63636364,44,Pop/Rock
1125,Rodriguez,1006765,0.514045455,0.642772727,0.5502727270000001,116.9493636,-6.0070909089999995,1,4,0.39731409100000004,0.001571454,0.14765,0.069704545,198911.4545,46.45454545,44,Pop/Rock
1147,Poco,297894,0.537571429,0.484238095,0.634857143,116.69447620000001,-13.94895238,1,11,0.120899381,0.11129660000000001,0.120014286,0.034552381,269498.3333,28.85714286,42,Pop/Rock
1150,The Partridge Family,484145,0.5340952379999999,0.584285714,0.666190476,124.937381,-9.31552381,1,3,0.410490476,0.0007215139999999999,0.13643333300000002,0.032928571000000004,174864.1429,27.38095238,42,Pop/Rock
1170,Graham Nash,153590,0.549780488,0.315507317,0.47122439,120.76343899999999,-14.22280488,1,0,0.501590244,0.009438069,0.13233414599999999,0.035373171,195186.6098,33.80487805,41,Pop/Rock
1204,The West Coast Pop Art Experimental Band,482572,0.4945,0.5272100000000001,0.6146,124.51299999999999,-12.59765,1,2,0.461955,0.093717663,0.16969,0.041775,190245.3,28.55,40,Pop/Rock
1208,Tim Buckley,595101,0.4198,0.36651500000000004,0.41189,111.58775,-14.40315,1,7,0.5673745,0.044255324000000006,0.15784,0.037235000000000004,292081.9,36.85,40,Pop/Rock
1224,Gram Parsons,987491,0.5555,0.558975,0.620225,118.090725,-9.572375,1,5,0.39157,0.0007248830000000001,0.18406,0.0326075,226035.75,33.75,40,Pop/Rock
1247,MC5,182598,0.420368421,0.771421053,0.628157895,125.0095263,-8.078105263,1,2,0.18776526300000002,0.059436857999999995,0.40151052600000003,0.063452632,225523.3158,30.94736842,38,Pop/Rock
1260,Brian Hyland,516202,0.622578947,0.43368421100000004,0.7843684209999999,118.86568419999999,-11.44168421,1,5,0.639589474,7.55e-05,0.137042105,0.040357895,141891.2632,27.52631579,38,Pop/Rock
1274,The Outlaws,891264,0.42,0.8182631579999999,0.670684211,134.7347368,-6.960052632000001,1,9,0.089511816,0.076654073,0.204557895,0.046752632,279357.8421,31.26315789,38,Pop/Rock
1276,The Young Rascals,923801,0.483631579,0.49110526299999996,0.609368421,124.9227368,-9.790473684,1,2,0.36064747399999997,0.000268462,0.138894737,0.039368421,185058.6842,28.31578947,38,Pop/Rock
1295,Fairport Convention,162233,0.496388889,0.382055556,0.528388889,128.0488889,-12.89172222,1,2,0.467261111,0.08895472800000001,0.1434,0.037072222,294997.8889,29.94444444,36,Pop/Rock
1306,David Gilmour,582930,0.43977777799999995,0.466888889,0.313166667,116.04044440000001,-12.02616667,1,0,0.205696722,0.18502427600000002,0.18807222199999998,0.032555556,308328.9444,31.66666667,36,Pop/Rock
1309,Manfred Mann,674662,0.545277778,0.6339444439999999,0.769388889,121.0672222,-7.890444444,1,7,0.26983888899999997,0.024171698,0.303277778,0.037161111000000004,172039.2778,37.66666667,36,Pop/Rock
1316,Humble Pie,805661,0.42111111100000004,0.551333333,0.599055556,134.6133889,-12.32977778,1,2,0.11105883300000001,0.025899243,0.250138889,0.054461111,310085.2778,29.55555556,36,Pop/Rock
1344,Country Joe & the Fish,128266,0.464647059,0.421823529,0.49629411799999995,126.44470590000002,-13.985,1,9,0.390335294,0.079463829,0.24285294100000002,0.069894118,242665.7059,26.94117647,34,Folk
1350,Roger Waters,254556,0.495970588,0.24663529399999998,0.221061765,124.7321176,-17.65091176,1,0,0.311714706,0.006178265,0.240688235,0.041141176,265923.3824,37.64705882,34,Pop/Rock
1364,Spirit,746010,0.45688235299999996,0.450235294,0.4215,112.8756471,-11.76776471,1,11,0.30307058800000003,0.10064385599999999,0.294058824,0.035935294,232639.8824,28.11764706,34,Pop/Rock
1373,Al Stewart,933883,0.5301176470000001,0.560588235,0.513588235,113.3244706,-10.39141176,1,2,0.2285,0.017232368,0.12532352900000002,0.0331,302003.9412,31.88235294,34,Pop/Rock
1394,The 5th Dimension,28772,0.41575,0.484125,0.5426875,124.053625,-10.3469375,1,7,0.51649375,0.004227675,0.18909375,0.03275625,193905.8125,36.25,32,Pop/Rock
1415,Gene Clark,194036,0.46996875,0.4226875,0.4701875,112.1387813,-12.2520625,1,4,0.4201625,0.132182969,0.14301875,0.031271875,265347.75,30.9375,32,Pop/Rock
1443,Uriah Heep,835648,0.3835,0.6054375,0.5245125,116.9395625,-10.5186875,1,9,0.009467119,0.141851938,0.21100000000000002,0.047725,275230.5625,37.5,32,Pop/Rock
1468,David Crosby,644880,0.447077419,0.339225806,0.341567742,103.4225806,-14.07751613,1,2,0.477007742,0.002177423,0.111380645,0.033077419,245463.2258,33.35483871,31,Pop/Rock
1513,Strawberry Alarm Clock,633079,0.48026666700000004,0.5700666670000001,0.702733333,115.8866667,-11.66146667,1,9,0.23484666699999998,0.09427322,0.277946667,0.052133333,208648.8667,27.46666667,30,Pop/Rock
1517,Big Brother & the Holding Company,758943,0.46243333299999995,0.5383,0.5377333329999999,128.23443329999998,-11.35316667,1,7,0.278893333,0.041565341,0.322156667,0.09202666699999999,233987.1,36.16666667,30,Pop/Rock
1518,The Chantays,762990,0.519133333,0.599866667,0.716733333,131.5404,-14.05566667,1,9,0.64402,0.8608,0.215926667,0.042753333,146844.4,17.6,30,Pop/Rock
1569,Quicksilver Messenger Service,317417,0.47664285700000003,0.5125,0.6045714289999999,114.20792859999999,-13.68664286,1,9,0.375571429,0.459588314,0.316778571,0.045364286,302171.3571,28.07142857,28,Pop/Rock
1574,Mountain,503913,0.457571429,0.617285714,0.510742857,141.8791429,-10.039,1,9,0.168882279,0.149997021,0.172385714,0.06158571400000001,210998.0714,33.57142857,28,Pop/Rock
1587,Tony Joe White,744265,0.704357143,0.47128571399999997,0.6514285710000001,113.48657140000002,-13.03014286,1,9,0.407628571,0.08644721400000001,0.11973571400000001,0.063321429,229324.6429,37.42857143,28,Pop/Rock
1605,Laura Nyro,137474,0.43862963,0.510555556,0.575540741,111.2141111,-7.19762963,1,0,0.7494074070000001,4.14e-05,0.20048888899999998,0.048707407,203975.2593,25.22222222,27,Pop/Rock
1607,Carlos Santana,175196,0.5452592589999999,0.538888889,0.5806,119.21192590000001,-12.24081481,1,7,0.320737037,0.369565704,0.119785185,0.08502963,323640.9259,39.18518519,27,Pop/Rock
1624,Jacques Dutronc,122381,0.5586923079999999,0.634615385,0.74,135.1918462,-8.490692308,1,9,0.32089384600000004,0.021610615,0.161253846,0.069623077,163782.5385,29.76923077,26,Pop/Rock
1641,The Sonics,428717,0.5025384620000001,0.8717692309999999,0.796076923,115.24392309999999,-6.285692308,1,7,0.43173076899999996,2.19e-07,0.247507692,0.059584615,146251.3846,31.30769231,26,Pop/Rock
1650,Ace Frehley,588508,0.538230769,0.860923077,0.530461538,119.87200000000001,-6.848615385,1,1,0.13351,0.132963535,0.154746154,0.068823077,251021.5385,33.53846154,26,Pop/Rock
1658,Iron Butterfly,772567,0.457923077,0.510307692,0.629153846,118.90299999999999,-11.10907692,1,5,0.116047692,0.095066546,0.22915384600000002,0.035938462000000004,279270.8462,31.23076923,26,Pop/Rock
1672,Them,925181,0.497115385,0.7625,0.643769231,118.0334615,-8.928807692000001,1,7,0.220027915,0.016290552,0.245665385,0.055796154,193982.0769,28.19230769,26,Pop/Rock
1719,Chris Montez,109274,0.634416667,0.536,0.653416667,110.63691670000001,-8.993083333,1,1,0.528535833,5.8299999999999994e-05,0.225775,0.0469,156224.4167,31.0,24,Easy Listening
1751,The Youngbloods,692251,0.524083333,0.432666667,0.684416667,115.154,-13.54666667,1,2,0.645416667,0.085214869,0.092725,0.032091667000000004,234977.0,29.83333333,24,Pop/Rock
1752,Paul Revere & the Raiders,750456,0.5515416670000001,0.741125,0.756583333,125.1330417,-8.583458333,1,9,0.2502025,0.001234506,0.34172083299999995,0.041291667000000004,160619.9167,26.58333333,24,Pop/Rock
1769,Gerry Rafferty,945196,0.562,0.40333333299999996,0.429333333,116.41216670000001,-13.11216667,1,0,0.321358333,0.008625274,0.16995833300000002,0.031975,322361.1667,40.58333333,24,Pop/Rock
1777,Jim Morrison,31022,0.5180869570000001,0.321443478,0.41956521700000005,108.0203913,-20.23004348,1,9,0.579517391,0.10339311300000001,0.283934783,0.20464347800000002,117473.6522,39.60869565,23,Pop/Rock
1829,The Electric Prunes,135543,0.388636364,0.493363636,0.39678181799999995,120.7799091,-13.56254545,1,9,0.45217272700000005,0.14275418199999998,0.187345455,0.039409091,188459.9091,30.27272727,22,Pop/Rock
1851,The Rascals,493122,0.442636364,0.461727273,0.678727273,110.0480909,-13.52781818,1,5,0.303062727,0.024053262000000002,0.171481818,0.035072727000000005,211957.5455,24.09090909,22,Pop/Rock
1855,? & the Mysterians,567190,0.630545455,0.6926363640000001,0.806181818,115.79354550000001,-8.167636364,1,2,0.21263363600000001,0.207659863,0.149781818,0.0419,145557.6364,24.18181818,22,Pop/Rock
1858,Mott the Hoople,596126,0.473181818,0.754181818,0.594909091,122.2187273,-7.954,1,9,0.074063636,0.0006615880000000001,0.321890909,0.063245455,282175.6364,36.63636364,22,Pop/Rock
1865,Wishbone Ash,674873,0.381454545,0.595818182,0.359236364,119.65536359999999,-10.54154545,0,2,0.102942727,0.057899455,0.1465,0.046690909,402908.0,35.0,22,Pop/Rock
1875,Chad & Jeremy,799644,0.492636364,0.44527272700000003,0.5319090910000001,126.1178182,-12.57818182,1,0,0.5372727270000001,0.024782445,0.24390909100000002,0.0363,152244.8182,24.63636364,22,Pop/Rock
1876,Duane Allman,807028,0.5592727270000001,0.460818182,0.654636364,131.7994545,-13.058,1,0,0.496636364,0.245810909,0.300263636,0.08900000000000001,294214.0,26.81818182,22,Pop/Rock
1878,Savoy Brown,838524,0.558727273,0.473181818,0.695272727,125.5959091,-12.97981818,1,2,0.404294545,0.171680682,0.192181818,0.0437,293937.0,26.36363636,22,Pop/Rock
1901,Donny Osmond,186390,0.511714286,0.415080952,0.49938095200000004,119.0622857,-13.981,1,7,0.55352381,2.54e-05,0.201947619,0.075038095,202266.0476,37.76190476,21,Vocal
1928,The Archies,34094,0.7306,0.5907,0.9204,120.0883,-9.7752,1,2,0.374779,0.000758248,0.15937,0.03348,159616.1,43.4,20,Pop/Rock
1951,Flamin' Groovies,180263,0.5117,0.7393,0.5225,126.8369,-8.8846,1,8,0.092751,0.019483268,0.19923,0.04326,222290.6,33.4,20,Pop/Rock
1954,Gene Pitney,200882,0.515,0.5228,0.5935,98.7262,-9.5366,1,7,0.481353,0.001920835,0.25634,0.03631,179675.6,40.2,20,Pop/Rock
1970,Small Faces,423267,0.4858,0.7133,0.5705,114.2629,-7.0251,1,9,0.27555999999999997,0.000606282,0.19612000000000002,0.05675,179182.9,34.6,20,Pop/Rock
1978,The Seeds,500664,0.5589999999999999,0.511,0.7269,126.5968,-14.0856,1,9,0.16683199999999998,0.07869626,0.17802,0.04484,201149.7,32.3,20,Pop/Rock
1987,The Box Tops,624504,0.6424,0.4249,0.7823,114.4341,-12.4515,1,9,0.40093,0.001247032,0.2058,0.04028,164480.1,34.4,20,Pop/Rock
1988,David Axelrod,634377,0.462,0.4734,0.4691,115.9291,-12.1624,1,7,0.22264,0.65950153,0.16366,0.04018,271521.2,30.2,20,Pop/Rock
1990,Giorgio Moroder,660507,0.61795,0.54655,0.6311899999999999,115.21935,-12.21215,1,8,0.091731,0.450065995,0.187605,0.031560000000000005,267185.2,37.75,20,Pop/Rock
1993,Golden Earring,669303,0.5449,0.6944,0.4005,115.6825,-9.1902,0,11,0.07984400000000001,0.00136019,0.1139,0.04004,372831.2,52.4,20,Pop/Rock
1997,Slade,749734,0.4552,0.752,0.5289,124.9474,-5.5361,1,7,0.14978052,0.072847855,0.16377,0.05731,255934.7,44.0,20,Pop/Rock
1998,Silver Apples,755494,0.5291,0.7136,0.5489,125.0405,-9.0614,1,6,0.33123,0.2002701,0.19692,0.0502,210584.1,23.6,20,Pop/Rock
2034,Suzi Quatro,33560,0.591157895,0.792421053,0.733842105,129.9662105,-7.644842105,1,2,0.11756631599999999,0.10278695800000001,0.21858947399999998,0.075231579,218993.2632,46.31578947,19,Pop/Rock
2072,Shocking Blue,29604,0.503888889,0.712333333,0.727666667,128.2631111,-7.925666667000001,0,11,0.184004778,0.18617455600000002,0.145933333,0.07651111099999999,204179.3333,41.55555556,18,Pop/Rock
2094,Bay City Rollers,151979,0.559666667,0.717666667,0.797666667,132.73744440000002,-9.657555556,1,7,0.19168888899999997,0.004031646,0.169155556,0.051022222,193274.4444,42.0,18,Pop/Rock
2102,Eric Carmen,186805,0.549222222,0.530555556,0.500222222,121.40366670000002,-9.938444444,1,7,0.388022222,0.179918141,0.221022222,0.034866667000000004,264795.6667,52.33333333,18,Pop/Rock
2112,Johnny Hallyday,255733,0.46833333299999996,0.589666667,0.6361111110000001,112.2091111,-9.327666667,1,4,0.472866667,0.000377027,0.23455555600000003,0.048866667,196706.0,43.44444444,18,Pop/Rock
2118,Procol Harum,304401,0.345222222,0.647333333,0.521222222,129.4535556,-7.947888889,1,0,0.377111111,0.110186423,0.141133333,0.047222222,247902.2222,31.11111111,18,Pop/Rock
2121,Vanilla Fudge,311674,0.254333333,0.5227777779999999,0.314944444,119.77611110000001,-12.00655556,0,4,0.117871111,0.117445889,0.26428888899999997,0.045433333,321691.7778,30.66666667,18,Pop/Rock
2124,Rare Earth,339490,0.5041111110000001,0.8140000000000001,0.7271111109999999,128.7765556,-8.084888889,1,2,0.152414444,0.063105516,0.2244,0.102366667,354204.6667,35.55555556,18,Pop/Rock
2136,The Monks,404345,0.613111111,0.796111111,0.639222222,129.66244440000003,-8.048333332999999,1,0,0.3835,0.018455333,0.143088889,0.09303333300000001,158574.8889,25.33333333,18,Pop/Rock
2184,Nick Lowe,866841,0.6451111110000001,0.563666667,0.709333333,123.96433329999999,-12.33755556,1,7,0.226157778,0.1045913,0.290077778,0.040222222,199899.0,36.77777778,18,Pop/Rock
2195,Buddy Miles,943936,0.529,0.580666667,0.557444444,127.49933329999999,-11.24533333,1,11,0.276088889,0.189683422,0.188733333,0.05244444400000001,281511.1111,31.0,18,Pop/Rock
2219,Kaleidoscope,297849,0.44070588200000005,0.5869411760000001,0.445352941,103.1162941,-9.927705882,1,7,0.124,0.032512987,0.161929412,0.033088235,239914.5294,26.17647059,17,Pop/Rock
2220,Kaleidoscope,354158,0.44070588200000005,0.5869411760000001,0.445352941,103.1162941,-9.927705882,1,7,0.124,0.032512987,0.161929412,0.033088235,239914.5294,26.17647059,17,Pop/Rock
2257,Blue Cheer,59537,0.41775,0.53125,0.56825,119.009875,-11.8285,0,2,0.213675,0.14939286300000001,0.15155,0.0466875,260575.0,24.625,16,Pop/Rock
2264,Bob Weir,77175,0.579875,0.699625,0.73475,123.744625,-7.6465,1,2,0.14034125,0.03026079,0.1406375,0.031175,285500.125,30.875,16,Pop/Rock
2300,Lindsey Buckingham,287917,0.585375,0.532375,0.775075,130.7425,-11.588625,1,5,0.3274125,0.011892956000000001,0.4749875,0.050575,201997.625,43.625,16,Pop/Rock
2326,Yoko Ono,521704,0.60825,0.6604,0.446875,131.02725,-11.180375,1,11,0.3709585,0.071502988,0.2524375,0.100725,194104.875,37.875,16,Pop/Rock
2330,The Troggs,573870,0.635125,0.592875,0.781375,127.762375,-11.88125,1,9,0.586875,0.12746596300000002,0.1853125,0.04575,162311.625,35.75,16,Pop/Rock
2362,Lowell George,835894,0.575375,0.415,0.559375,111.162625,-12.63425,1,2,0.421875,0.003973894,0.1282,0.040925,217791.625,34.125,16,Pop/Rock
2363,Peter Green,842611,0.63825,0.32325,0.733125,99.725875,-18.364125,0,4,0.2655125,0.39121673799999995,0.1367125,0.0435125,292630.0,39.0,16,Pop/Rock
2434,Kevin Ayers,80118,0.584142857,0.505285714,0.5657142860000001,115.3687143,-11.44185714,1,0,0.360685714,0.313084876,0.21051428600000002,0.039714286,294440.0,35.42857143,14,Pop/Rock
2467,Rita Coolidge,208997,0.466142857,0.432571429,0.37014285700000005,106.06142859999999,-10.89185714,1,10,0.3786,0.01158278,0.17198571399999998,0.031985714,223794.1429,40.57142857,14,R&B;
2469,Janis Ian,213212,0.483714286,0.309,0.281571429,117.43042859999998,-14.09,1,8,0.751857143,3.1e-05,0.122385714,0.070771429,250864.5714,26.0,14,Pop/Rock
2477,Robert Fripp,238440,0.176042857,0.19417857100000002,0.040557143,108.8657143,-18.96821429,1,11,0.803737143,0.736021429,0.18861428600000002,0.042514286,279164.5714,29.5,14,Pop/Rock
2512,The Spencer Davis Group,482600,0.5539999999999999,0.716714286,0.619571429,134.7611429,-7.585285713999999,1,9,0.162857143,0.043290943,0.257857143,0.071128571,168253.4286,34.28571429,14,Pop/Rock
2517,Tim Hardin,505532,0.594571429,0.16917142899999998,0.518285714,102.693,-17.09542857,1,9,0.819428571,0.00689,0.133428571,0.038428571,152150.4286,33.57142857,14,Pop/Rock
2528,The Walker Brothers,582024,0.418428571,0.46171428600000003,0.3885,109.49642859999999,-12.09614286,1,9,0.31469142899999997,0.019903599999999997,0.216142857,0.032571429,260946.7143,40.42857143,14,Pop/Rock
2533,The Buckinghams,628981,0.419,0.545428571,0.556142857,131.64628570000002,-11.89771429,1,7,0.39467142899999996,0.000187871,0.2752,0.0532,152339.0,30.42857143,14,Pop/Rock
2538,Hawkwind,672011,0.36014285700000004,0.7507142859999999,0.45985714299999997,139.3191429,-11.79785714,1,1,0.070620571,0.18906037,0.130342857,0.06401428599999999,451497.0,36.85714286,14,Pop/Rock
2542,Soft Machine,753685,0.322857143,0.424714286,0.35028571399999997,119.8698571,-14.05157143,1,9,0.43014285700000005,0.7390000000000001,0.154314286,0.047614286,545078.1429,29.71428571,14,Pop/Rock
2556,Elvin Bishop,796736,0.6451428570000001,0.747,0.7602857140000001,112.17171429999999,-10.18342857,1,10,0.071371429,0.064989714,0.173957143,0.041642857,288018.8571,37.0,14,Pop/Rock
2568,Timi Yuro,930722,0.45785714299999997,0.433285714,0.5141428570000001,126.51971429999999,-9.286,1,7,0.595714286,9.27e-05,0.17671428600000003,0.047342857,170649.7143,32.71428571,14,Pop/Rock
2591,Delaney & Bonnie,195237,0.541384615,0.569769231,0.708923077,126.45638459999999,-11.75392308,1,2,0.27899999999999997,0.0015420310000000001,0.40913846200000004,0.069046154,216011.4615,25.92307692,13,Pop/Rock
2634,The Action,29067,0.383666667,0.605,0.5601666670000001,138.1971667,-12.99016667,1,2,0.247483333,0.16127460000000002,0.1902,0.0402,205064.5,28.0,12,Pop/Rock
2665,The Creation,110341,0.39866666700000003,0.774333333,0.446,107.86566670000002,-6.409,1,11,0.185043333,0.000185372,0.158483333,0.072433333,178404.3333,27.16666667,12,Pop/Rock
2685,David Gates,179126,0.499333333,0.315,0.45683333299999995,118.714,-15.84166667,1,8,0.45983333299999996,0.10052291699999999,0.176166667,0.0316,265800.0,40.66666667,12,Pop/Rock
2724,Melanie,409670,0.527833333,0.3995,0.600833333,97.92716667,-9.070333332999999,1,7,0.71,7.509999999999998e-05,0.1499,0.045033332999999995,245275.6667,41.5,12,Pop/Rock
2753,Budgie,623985,0.42166666700000005,0.6409999999999999,0.487833333,127.5825,-14.80216667,1,4,0.006526166999999999,0.17130516699999998,0.12015,0.089433333,322153.3333,28.66666667,12,Pop/Rock
2761,Marianne Faithfull,651107,0.638333333,0.372666667,0.6163333329999999,114.34583329999998,-13.184000000000001,1,4,0.39796666700000005,0.039104417,0.2135,0.03715,250157.6667,39.16666667,12,Pop/Rock
2779,Blind Faith,760154,0.418,0.530666667,0.6366666670000001,125.87766670000002,-13.575,1,9,0.315416667,0.199151667,0.21100000000000002,0.041716667,420253.3333,39.16666667,12,Pop/Rock
2783,The Left Banke,771010,0.503166667,0.579333333,0.679333333,121.36283329999999,-10.00466667,1,9,0.659666667,0.001700777,0.18916666699999998,0.033316667,159371.1667,32.5,12,Pop/Rock
2787,The Chocolate Watchband,774791,0.45399999999999996,0.6715,0.533333333,105.81266670000001,-9.727,1,11,0.13302166699999998,0.10771099999999999,0.156866667,0.035666667,189204.6667,20.5,12,Pop/Rock
2794,France Gall,799466,0.646166667,0.612166667,0.5581666670000001,111.0055,-8.254666667,0,7,0.430566667,0.000455567,0.11643333300000001,0.034316667,237871.3333,52.83333333,12,Pop/Rock
2798,Jim Ford,849246,0.610166667,0.7975,0.764833333,121.81383329999998,-6.262666667,1,11,0.156451667,0.017076167,0.09215,0.05605,187626.6667,27.16666667,12,Pop/Rock
2802,Renaissance,887619,0.361833333,0.5013333329999999,0.386666667,111.03266670000001,-11.85083333,0,4,0.308783333,0.016092167,0.263866667,0.033816667,421882.1667,35.66666667,12,Pop/Rock
2803,Mick Jagger,892823,0.641333333,0.6871666670000001,0.5589999999999999,123.30416670000001,-8.7885,1,11,0.21308833300000002,0.027386982999999997,0.11925,0.070916667,275024.5,44.16666667,12,Pop/Rock
2806,The United States of America,920101,0.203333333,0.5675,0.345,122.13333329999999,-13.06366667,1,9,0.381383333,0.307863333,0.20101666699999998,0.11053333300000001,216449.0,24.0,12,Pop/Rock
2828,Irene Cara,86826,0.513090909,0.596636364,0.621636364,125.6281818,-9.673727272999999,1,7,0.3727,0.014339127,0.188818182,0.037718182,251139.3636,46.54545455,11,R&B;
2865,Spanky & Our Gang,8245,0.3894,0.5168,0.5184,94.0172,-8.7074,1,6,0.6608,0.000332162,0.3788,0.03508,186693.4,29.8,10,Pop/Rock
2884,The Free Design,57209,0.4366,0.31108,0.455,158.1214,-13.265999999999998,1,9,0.6948,0.0008814,0.14595999999999998,0.035339999999999996,166261.0,25.2,10,Pop/Rock
2912,Classics IV,135059,0.6011,0.3749,0.6515,112.0773,-12.0444,0,0,0.7531,0.018149283999999998,0.15056,0.03184,168563.7,37.6,10,Pop/Rock
2915,The Cyrkle,137401,0.6068,0.3828,0.79,111.7664,-13.5714,1,9,0.5720000000000001,1.93e-06,0.10166,0.03246,141117.0,36.8,10,Pop/Rock
2917,The Easybeats,145086,0.4948,0.8942,0.7816,116.2868,-5.1328,1,11,0.180136,0.039576852,0.17868,0.07612000000000001,167314.6,38.0,10,Pop/Rock
2921,Caravan,167296,0.5466,0.4214,0.54,112.8912,-14.152000000000001,1,2,0.1303,0.22755999999999998,0.20628000000000002,0.061220000000000004,520861.4,33.8,10,Pop/Rock
2936,Jane Birkin,216846,0.491,0.345,0.5988,111.7674,-14.0158,0,0,0.26308000000000004,0.0109276,0.13132,0.03452,182461.8,36.2,10,Pop/Rock
2942,Sandie Shaw,240081,0.5668,0.5038,0.8048,85.3822,-8.526,1,0,0.594,0.0,0.0911,0.04482,155354.6,39.8,10,Pop/Rock
2956,Robert Wyatt,292915,0.4956,0.4448,0.27586,111.169,-11.606,1,10,0.446,0.02336922,0.2038,0.037360000000000004,259637.4,31.2,10,Pop/Rock
2979,Nils Lofgren,414745,0.6036,0.5856,0.8398,128.972,-11.3668,0,11,0.10392,0.12324424,0.49313999999999997,0.0483,204936.2,30.4,10,Pop/Rock
2980,The Shangri-Las,418955,0.4674,0.523,0.3546,98.376,-9.8282,1,0,0.6664,0.0334592,0.3686,0.10142000000000001,161799.8,45.2,10,Pop/Rock
3016,Brigitte Bardot,623518,0.47298,0.474,0.6138,99.3219,-12.9212,1,5,0.42826899999999996,0.10010836199999999,0.1606,0.04386,178249.3,44.3,10,Pop/Rock
3026,Dan Hicks & His Hot Licks,670088,0.6208,0.2938,0.706,106.3302,-16.083,1,9,0.4902,0.034019784,0.22628,0.126,227733.2,29.2,10,Pop/Rock
3040,The Cowsills,784760,0.4702,0.6226,0.7008,130.7706,-9.8204,1,11,0.5078,0.001481122,0.34414,0.044539999999999996,175277.4,37.8,10,Pop/Rock
3053,John Sebastian,814852,0.6032,0.35804,0.753,125.1722,-15.6182,1,10,0.466,0.00051036,0.3476,0.055139999999999995,175580.4,29.6,10,Pop/Rock
3081,Tommy Bolin,933568,0.5034,0.7344,0.6752,102.9136,-7.8502,1,7,0.25244,0.168262,0.25838,0.0532,245493.4,25.2,10,Pop/Rock
3119,Eric Burdon,154548,0.701,0.533888889,0.792111111,117.573,-11.71322222,0,2,0.310066667,0.0005122330000000001,0.118044444,0.081788889,360729.0,32.33333333,9,Pop/Rock
3216,Focus,195305,0.30775,0.78475,0.44525,165.92175,-7.0329999999999995,1,2,0.05479,0.915,0.2525,0.1461,302355.25,50.25,8,Pop/Rock
3225,John Fogerty,224294,0.78375,0.85825,0.862,136.904,-4.917,1,7,0.087975,0.000367895,0.0701,0.039925,220846.5,48.75,8,Pop/Rock
3237,Robbie Robertson,275130,0.4635,0.457,0.575,92.1035,-17.10575,1,7,0.10125,0.000955325,0.147225,0.044275,314759.75,40.75,8,Pop/Rock
3256,Roy Harper,345427,0.37625,0.29725,0.41575,89.6235,-14.85975,1,6,0.63575,0.260937275,0.1285,0.030575,387124.0,30.5,8,Pop/Rock
3264,Norman Greenbaum,391003,0.51925,0.64275,0.6145,129.09375,-7.4985,1,8,0.0899775,0.00556875,0.11575,0.055825,218226.75,48.0,8,Pop/Rock
3282,1910 Fruitgum Company,501692,0.757,0.60525,0.8995,128.4975,-9.72575,1,9,0.4185,0.00077785,0.12425,0.044725,140750.0,24.75,8,Pop/Rock
3296,Adriano Celentano,597875,0.66975,0.45425,0.478,110.764,-12.277000000000001,1,8,0.433,4.77e-06,0.1615,0.05755,222853.75,38.5,8,Pop/Rock
3320,Status Quo,745241,0.4085,0.679,0.66375,140.7305,-6.792999999999999,1,7,0.251175,0.16463995,0.186525,0.0344,208239.75,41.5,8,Pop/Rock
3339,The Bonzo Dog Band,772191,0.5835,0.53575,0.7495,102.77625,-10.752,1,5,0.43700000000000006,0.012330225,0.229375,0.1438,169340.0,31.75,8,Pop/Rock
3353,Lou Christie,807121,0.6005,0.67975,0.89025,142.48425,-7.18675,1,7,0.60075,1.0199999999999999e-05,0.132575,0.0499,145870.0,26.25,8,Pop/Rock
3376,The Remains,897322,0.474,0.79125,0.865,145.71125,-8.453,1,9,0.430255,6.3e-06,0.162,0.058125,151116.5,27.5,8,Pop/Rock
3381,The Standells,923618,0.52125,0.75175,0.82325,152.49225,-6.47775,1,4,0.12203,0.004225,0.11765,0.0389,162059.75,31.75,8,Pop/Rock
3386,Brewer & Shipley,935990,0.59225,0.68875,0.77925,91.28825,-8.957,1,0,0.17665,0.006178633,0.132,0.03175,260239.75,33.0,8,Pop/Rock
3457,NRBQ,377908,0.629428571,0.669714286,0.805571429,133.3618571,-9.806142857000001,1,6,0.2925,0.038074199999999996,0.167285714,0.032914286,191720.0,30.0,7,Pop/Rock
3480,Roger McGuinn,834466,0.453285714,0.49785714299999995,0.451428571,126.3272857,-10.53857143,1,4,0.39872428600000004,0.001214024,0.239114286,0.035857143,231708.4286,37.42857143,7,Pop/Rock
3495,The Trashmen,7729,0.579333333,0.965,0.839666667,99.89966667,-10.637,1,11,0.005546,0.210737333,0.288666667,0.058366667000000004,141239.6667,46.66666667,6,Pop/Rock
3510,The Angels,25047,0.554666667,0.805333333,0.722666667,137.73,-7.617666667000001,1,7,0.212573333,0.000132343,0.130333333,0.077433333,224871.3333,51.33333333,6,Pop/Rock
3515,Terry Reid,29909,0.6326666670000001,0.526666667,0.8220000000000001,128.4766667,-13.23933333,1,7,0.488333333,0.009286667,0.1077,0.051766667,264235.6667,36.0,6,Pop/Rock
3527,The Amboy Dukes,46120,0.40299999999999997,0.7323333329999999,0.7596666670000001,130.97366670000002,-10.78266667,1,0,0.058806667,0.228089333,0.36926666700000005,0.043533333,284000.6667,38.66666667,6,Pop/Rock
3541,The Bobby Fuller Four,61534,0.559333333,0.852666667,0.903,143.933,-6.319333332999999,1,7,0.057183332999999996,0.001181127,0.107,0.0328,148191.0,49.0,6,Pop/Rock
3567,Cilla Black,122023,0.48100000000000004,0.46299999999999997,0.5156666670000001,106.429,-7.698666667,1,7,0.557666667,0.004266667,0.205333333,0.044433333,150942.0,36.66666667,6,Pop/Rock
3569,Christine McVie,123915,0.590333333,0.670333333,0.720666667,149.6476667,-8.309,1,4,0.24136666699999998,0.11312960000000001,0.1721,0.032733332999999996,228124.6667,37.0,6,Pop/Rock
3575,The Beau Brummels,135032,0.536333333,0.672666667,0.753,128.5073333,-8.038333332999999,0,9,0.20800000000000002,0.00010103299999999999,0.09883333300000001,0.0424,154921.3333,30.0,6,Pop/Rock
3590,Garland Jeffreys,164750,0.652666667,0.6436666670000001,0.795,128.75933329999998,-11.95666667,1,11,0.125842333,0.076671437,0.11883333300000001,0.064433333,214480.0,35.0,6,Pop/Rock
3608,Gene Simmons,200968,0.5870000000000001,0.725,0.7,124.208,-10.96666667,1,9,0.0674,3.5700000000000003e-07,0.309733333,0.08246666700000001,207235.6667,31.66666667,6,Pop/Rock
3623,Jeff Lynne,228266,0.46133333299999996,0.687333333,0.561333333,111.699,-6.367666667000001,1,7,0.38799999999999996,0.003169,0.44799999999999995,0.042866667000000004,273666.6667,40.0,6,Pop/Rock
3633,Leslie West,255371,0.467,0.784666667,0.676333333,134.45233330000002,-9.172333333,1,5,0.099812333,0.028382,0.110166667,0.0539,227786.6667,24.33333333,6,Pop/Rock
3637,Jorma Kaukonen,265440,0.554666667,0.294666667,0.564,87.01866667,-12.90033333,1,4,0.7543333329999999,0.273333333,0.164233333,0.03,225249.0,36.0,6,Pop/Rock
3653,Lulu,321321,0.529666667,0.720333333,0.6809999999999999,129.532,-7.697666667000001,1,4,0.287966667,0.00048106,0.09636666699999999,0.0775,196755.3333,43.33333333,6,Pop/Rock
3668,Richard Thompson,359016,0.5046666670000001,0.35266666700000004,0.505,127.994,-15.210999999999999,1,5,0.433066667,2.64e-05,0.176333333,0.035866667000000005,272906.6667,45.33333333,6,Pop/Rock
3690,The Music Machine,469286,0.606,0.8079999999999999,0.887,126.91833329999999,-7.660333333,1,8,0.12963333300000002,0.0015547129999999999,0.131366667,0.040933332999999995,144435.6667,24.0,6,Pop/Rock
3747,"Dave Dee, Dozy, Beaky, Mick & Tich",683085,0.49700000000000005,0.8756666670000001,0.609666667,110.38233329999998,-4.7,1,7,0.1182,0.301857017,0.10173333300000001,0.079733333,204093.3333,41.33333333,6,Pop/Rock
3762,The Fugs,763301,0.598666667,0.709333333,0.923333333,119.43633329999999,-10.34133333,1,4,0.612,0.0,0.1865,0.0397,127582.3333,17.33333333,6,Pop/Rock
3768,Keith Richards,767068,0.684666667,0.6343333329999999,0.841666667,111.8956667,-11.38966667,1,7,0.317666667,0.00111101,0.075066667,0.0356,260338.3333,38.66666667,6,Pop/Rock
3818,The Tokens,919853,0.41466666700000004,0.419333333,0.689666667,119.37299999999999,-10.38833333,1,5,0.774666667,0.0,0.162,0.0327,163782.0,45.66666667,6,Pop/Rock
3819,The Uniques,920117,0.551333333,0.556333333,0.667666667,83.73366667,-10.587,1,1,0.5418666670000001,0.180706667,0.26203333300000003,0.047566667,197804.3333,30.0,6,Pop/Rock
3828,Brooklyn Bridge,937397,0.308333333,0.438666667,0.36066666700000005,94.35433333,-12.638,1,0,0.6316666670000001,1.4400000000000001e-05,0.12263333300000001,0.033433332999999996,174293.3333,24.33333333,6,Pop/Rock
3833,Gong,949619,0.369,0.6133333329999999,0.529333333,127.89200000000001,-11.04266667,1,2,0.095066667,0.759,0.129033333,0.0672,433937.6667,28.33333333,6,Pop/Rock
3912,Jimmie Vaughan,347639,0.5426,0.5958,0.7658,145.5556,-8.951,0,0,0.311,0.014204,0.3006,0.0464,334010.6,43.0,5,Pop/Rock
3931,Jeff Wayne,680065,0.4106,0.6414,0.3618,124.7536,-6.2802,0,2,0.2978,0.014868092,0.3032,0.05062,420413.4,42.2,5,Pop/Rock
3983,Andy Kim,33316,0.6375,0.7125,0.7465,116.164,-7.6339999999999995,1,9,0.358,0.000207,0.1355,0.0438,192386.5,45.5,4,Pop/Rock
3991,The Blues Project,41899,0.462,0.5955,0.755,126.2755,-11.0685,1,2,0.5855,0.35100127,0.0953,0.04005,341593.0,18.5,4,Pop/Rock
4058,Chris Squire,121318,0.5505,0.5975,0.6175,84.2575,-7.957000000000001,1,1,0.6475,0.051454999999999994,0.1196,0.0384,333846.5,34.5,4,Pop/Rock
4059,Barclay James Harvest,125465,0.3705,0.392,0.1875,128.39,-11.7185,1,7,0.2373,7.69e-05,0.129,0.03,363333.5,35.5,4,Pop/Rock
4068,Jimmy Webb,129761,0.4355,0.3995,0.259,78.8875,-10.163,1,7,0.5579999999999999,0.00905,0.09745,0.03125,208626.5,32.0,4,Pop/Rock
4079,Jack Bruce,152312,0.49925,0.738,0.64425,135.3335,-10.319,1,0,0.548035,0.362930815,0.19125,0.0506,190262.75,25.75,4,Pop/Rock
4115,Doug Sahm,198532,0.642,0.5715,0.8155,124.816,-10.1595,1,9,0.41200000000000003,2.7399999999999995e-05,0.10715,0.0347,200406.5,36.5,4,Pop/Rock
4193,Rick Derringer,301404,0.5275,0.87,0.6415,162.1005,-9.4435,1,7,0.11699999999999999,0.0042287,0.3951,0.06705,213427.0,50.0,4,Pop/Rock
4199,Roky Erickson,307025,0.406,0.877,0.7545,164.1065,-6.5075,1,7,0.07153,0.01935,0.358,0.07805,196447.0,26.5,4,Pop/Rock
4207,Peter Criss,319945,0.648,0.642,0.6945,128.2785,-8.546,1,6,0.1855,7.85e-05,0.0817,0.03005,232320.0,33.0,4,Pop/Rock
4237,Ohio Express,393031,0.7445,0.613,0.887,126.4785,-7.6085,1,0,0.38485,0.00048540000000000003,0.1655,0.04155,153387.0,35.5,4,R&B;
4253,Mick Ronson,467853,0.402,0.6895,0.325,134.2275,-8.8535,0,9,0.066,0.00212,0.109,0.06375,532047.0,26.5,4,Pop/Rock
4262,The Move,483587,0.293,0.565,0.597,76.2905,-8.6835,1,2,0.097584,5.8e-07,0.2022,0.0327,215846.5,22.5,4,Pop/Rock
4284,Harpers Bizarre,562663,0.5085,0.5670000000000001,0.6829999999999999,132.8175,-11.1775,1,1,0.6625,6.6e-06,0.29105,0.04895,157180.0,34.5,4,Pop/Rock
4286,Moby Grape,569914,0.525,0.5725,0.4665,109.103,-11.254000000000001,1,9,0.3931,0.0936635,0.11800000000000001,0.04795,248233.5,27.5,4,Pop/Rock
4309,Brian Wilson,625736,0.531,0.425,0.3475,105.67399999999999,-9.374,1,9,0.731,0.000695,0.09905,0.0285,184000.0,42.0,4,Pop/Rock
4329,Dan Penn,668302,0.7065,0.45399999999999996,0.7695,119.4665,-11.6465,1,7,0.3465,0.00158,0.12115,0.04435,170560.0,34.0,4,Pop/Rock
4370,Ian Matthews,768231,0.598,0.47,0.5589999999999999,114.2055,-11.8025,1,7,0.18,0.001105,0.1205,0.0305,225293.0,40.0,4,Pop/Rock
4383,Colin Blunstone,776562,0.33399999999999996,0.29395,0.299,90.85,-15.585,1,8,0.629,0.0009699999999999999,0.1215,0.03875,239666.5,32.0,4,Pop/Rock
4411,The Charlatans,805332,0.493,0.7345,0.434,107.87,-8.8785,1,10,0.034437,0.00061525,0.25265,0.04025,254346.5,49.0,4,Pop/Rock
4431,Ronnie Lane,845625,0.6275,0.4155,0.679,106.16799999999999,-16.6785,1,9,0.667,0.07603325,0.09295,0.0379,254786.5,31.5,4,Pop/Rock
4449,The McCoys,890799,0.7555,0.564,0.948,115.079,-10.554,1,7,0.16899999999999998,1.4999999999999999e-05,0.06115,0.03555,206766.5,40.0,4,Pop/Rock
4456,The Sapphires,896817,0.48700000000000004,0.4755,0.871,122.31,-11.4265,1,0,0.8065,0.0,0.1475,0.0296,157986.5,30.5,4,Pop/Rock
4478,Brownsville Station,938878,0.527,0.7795,0.585,109.7695,-9.392000000000001,1,2,0.46799999999999997,0.02005695,0.13675,0.1412,297237.5,35.5,4,Pop/Rock
4499,Raven,1211412,0.39399999999999996,0.778,0.3565,115.0225,-9.6085,1,9,0.059835,0.48015,0.2785,0.13699999999999998,220813.5,37.5,4,Pop/Rock
4568,Jon Anderson,253861,0.5033333329999999,0.435,0.4581,102.55666670000001,-13.195,0,1,0.390666667,0.008266667,0.14073333300000002,0.0355,292564.6667,38.33333333,3,Pop/Rock
4585,Arif Mardin,595559,0.6256666670000001,0.584,0.71,108.931,-9.252,1,7,0.534,4.1200000000000005e-05,0.315333333,0.0382,245498.0,38.33333333,3,Pop/Rock
4628,Brian May,7230,0.452,0.882,0.39799999999999996,156.27700000000002,-4.406000000000001,1,7,0.0025399999999999997,2.17e-05,0.0836,0.0362,274615.0,64.0,2,Pop/Rock
4636,Alvin Lee,11620,0.368,0.484,0.217,73.35,-6.2139999999999995,0,9,0.523,0.174,0.0792,0.026000000000000002,446240.0,46.0,2,Pop/Rock
4645,Patty Duke,16361,0.5539999999999999,0.375,0.513,83.29299999999999,-6.979,1,7,0.8490000000000001,3.27e-06,0.386,0.0266,158760.0,19.0,2,Pop/Rock
4682,Maria Muldaur,35464,0.705,0.499,0.391,98.686,-7.968999999999999,1,1,0.409,6.59e-05,0.10300000000000001,0.0265,229507.0,49.0,2,Blues
4685,Sonny Bono,36402,0.547,0.703,0.6409999999999999,108.00399999999999,-7.606,1,7,0.145,0.0,0.158,0.0323,179800.0,19.0,2,Pop/Rock
4686,Steve Howe,36537,0.43799999999999994,0.9079999999999999,0.6409999999999999,85.134,-7.271,1,4,0.0731,0.503,0.342,0.0832,273293.0,34.0,2,Pop/Rock
4721,Bobby Sherman,62729,0.425,0.41,0.664,82.177,-15.880999999999998,1,9,0.507,2.18e-06,0.3,0.0341,172838.0,37.0,2,Pop/Rock
4727,Billy Gibbons,67539,0.633,0.927,0.674,97.955,-4.218999999999999,1,9,0.00413,2.8600000000000004e-05,0.21,0.0631,181227.0,46.0,2,Pop/Rock
4742,The Hondells,74857,0.373,0.61,0.904,153.239,-10.703,1,2,0.54,0.0,0.8370000000000001,0.0463,125067.0,24.0,2,Pop/Rock
4743,The Gentrys,75665,0.353,0.6609999999999999,0.642,152.77100000000002,-10.699000000000002,1,10,0.518,2.88e-06,0.23199999999999998,0.0593,131840.0,30.0,2,Pop/Rock
4761,Colosseum,90945,0.401,0.98,0.289,115.302,-5.031000000000001,1,1,0.0211,3.37e-05,0.152,0.33299999999999996,264507.0,30.0,2,Pop/Rock
4774,The International Submarine Band,97949,0.514,0.43,0.8,77.086,-12.36,1,5,0.225,5.31e-06,0.159,0.0308,169133.0,40.0,2,Country
4775,Keith Relf,98278,0.632,0.605,0.7340000000000001,114.978,-8.401,1,2,0.21,0.0,0.293,0.0431,131120.0,28.0,2,Pop/Rock
4782,The Knickerbockers,99888,0.491,0.696,0.893,144.765,-10.113999999999999,1,9,0.7070000000000001,0.0,0.21100000000000002,0.0301,165360.0,32.0,2,Pop/Rock
4810,Comus,118384,0.418,0.5920000000000001,0.457,141.97299999999998,-7.045,0,7,0.57,2.3e-05,0.223,0.043,274333.0,25.0,2,Folk
4866,Egg,148355,0.33,0.46799999999999997,0.384,90.212,-13.954,0,2,0.000534,0.8759999999999999,0.122,0.0452,169560.0,33.0,2,Pop/Rock
4923,The Fugitives,183715,0.71,0.486,0.941,157.82299999999998,-10.213,1,7,0.569,0.000749,0.0702,0.0551,165853.0,32.0,2,Pop/Rock
4987,John Entwistle,226331,0.306,0.7759999999999999,0.265,132.969,-7.47,1,9,0.00717,0.8340000000000001,0.0767,0.0714,255160.0,23.0,2,Pop/Rock
4993,Debbie Harry,234844,0.633,0.606,0.785,97.264,-11.937999999999999,1,0,0.24100000000000002,1.93e-05,0.07,0.0306,314360.0,22.0,2,Pop/Rock
4994,Leif Garrett,235923,0.6890000000000001,0.584,0.8370000000000001,127.132,-13.957,0,11,0.0319,0.00275,0.327,0.0314,196440.0,42.0,2,Pop/Rock
4997,Johnny Kidd & the Pirates,239961,0.7659999999999999,0.579,0.755,125.206,-9.722000000000001,1,9,0.179,1.25e-05,0.264,0.0385,141960.0,46.0,2,Pop/Rock
5030,Van der Graaf Generator,257544,0.142,0.431,0.307,79.006,-10.573,1,0,0.10800000000000001,0.0025,0.048,0.0355,385467.0,37.0,2,Pop/Rock
5059,Sam the Sham & the Pharaohs,289177,0.5820000000000001,0.575,0.5579999999999999,140.601,-11.89,1,7,0.713,3.66e-06,0.151,0.0529,140867.0,55.0,2,Pop/Rock
5067,Rick Wakeman,300245,0.35100000000000003,0.307,0.0951,105.09200000000001,-12.071,1,3,0.433,0.85,0.32799999999999996,0.0336,229147.0,39.0,2,Pop/Rock
5099,Phil Ramone,334243,0.33299999999999996,0.47100000000000003,0.171,117.74700000000001,-8.898,1,10,0.46,0.000197,0.677,0.0726,463293.0,34.0,2,Easy Listening
5146,The Outsiders,406575,0.43799999999999994,0.425,0.841,150.238,-20.396,0,11,0.35,4.03e-05,0.48,0.0307,181733.0,39.0,2,Pop/Rock
5154,The Red Krayola,417607,0.568,0.31,0.359,91.762,-15.302999999999999,1,0,0.583,0.214,0.0985,0.107,111653.0,22.0,2,Pop/Rock
5165,Noel Redding,450700,0.377,0.937,0.428,135.601,-4.888999999999999,1,1,0.00175,0.168,0.278,0.0806,158547.0,43.0,2,Pop/Rock
5171,Michael Nesmith,463435,0.3905,0.552,0.667,114.46,-10.895999999999999,1,6,0.8029999999999999,0.01245,0.44799999999999995,0.0437,174846.5,39.0,2,Pop/Rock
5175,Mick Taylor,470588,0.515,0.309,0.5429999999999999,77.581,-15.859000000000002,0,11,0.40700000000000003,0.951,0.0939,0.0286,203600.0,36.0,2,Blues
5216,The 13th Floor Elevators,504928,0.428,0.9229999999999999,0.6809999999999999,151.005,-4.454,0,2,0.0108,0.436,0.0985,0.12300000000000001,146738.0,52.0,2,Pop/Rock
5256,Dave Edmunds,584923,0.583,0.924,0.8170000000000001,130.335,-8.277000000000001,1,2,0.042,0.0053100000000000005,0.355,0.0314,260827.0,31.0,2,Pop/Rock
5274,Atomic Rooster,611881,0.396,0.937,0.166,131.407,-6.707000000000001,1,5,0.0414,0.000606,0.898,0.107,250200.0,35.0,2,Pop/Rock
5306,Gary Glitter,660401,0.752,0.218,0.552,130.06799999999998,-15.177,0,11,0.0005480000000000001,0.7879999999999999,0.0699,0.0653,180600.0,65.0,2,Pop/Rock
5378,The Godz,763611,0.43,0.917,0.235,160.067,-6.9510000000000005,1,2,0.000531,0.00146,0.0735,0.0673,451093.0,33.0,2,Pop/Rock
5386,The Ides of March,768010,0.474,0.7340000000000001,0.9259999999999999,101.751,-8.812999999999999,0,10,0.0871,0.0035600000000000002,0.26,0.0426,178067.0,50.0,2,Pop/Rock
5420,Fifty Foot Hose,796957,0.297,0.617,0.345,171.977,-9.132,1,2,0.268,0.00861,0.11199999999999999,0.0338,218667.0,27.0,2,Pop/Rock
5427,Emitt Rhodes,800926,0.309,0.52,0.605,179.11900000000003,-8.472000000000001,1,8,0.102,0.00148,0.0796,0.0519,146680.0,47.0,2,Pop/Rock
5459,The Deviants,818593,0.466,0.41,0.168,117.43799999999999,-13.154000000000002,1,6,0.10800000000000001,0.0927,0.12,0.0658,335760.0,26.0,2,Pop/Rock
5482,Van Dyke Parks,838241,0.36700000000000005,0.41700000000000004,0.389,121.17299999999999,-11.805,1,10,0.7909999999999999,3.6099999999999997e-05,0.389,0.0337,190627.0,16.0,2,Pop/Rock
5493,Peter Hammill,843607,0.418,0.789,0.363,131.165,-9.588,1,2,0.000299,0.3,0.11900000000000001,0.0744,213610.0,33.0,2,Pop/Rock
5595,Captain Beefheart,988638,0.617,0.34,0.462,83.551,-10.456,1,9,0.426,0.0,0.1,0.0258,225427.0,44.0,2,Pop/Rock
5750,Grace Slick,194743,0.377,0.41600000000000004,0.43700000000000006,88.352,-15.447000000000001,1,0,0.233,0.00015800000000000002,0.638,0.0337,315333.0,31.0,1,Folk
5812,Joey Dee,806822,0.41600000000000004,0.7070000000000001,0.691,198.612,-11.573,1,0,0.34700000000000003,0.0,0.708,0.14400000000000002,119160.0,35.0,1,Pop/Rock
5832,Danny Thompson,1233067,0.46299999999999997,0.154,0.319,137.325,-13.922,0,2,0.8540000000000001,1.11e-06,0.701,0.0364,362893.0,38.0,1,Pop/Rock
